ID,Name,Email,Phone,Password
1,Tran Thao An,an.tran707806@gmail.com,5724816585,qh5X@pebc7Q
2,Nguyen Ngoc Bao,bao.nguyen99520@gmail.com,+5831227462,*4BxQEh4NN
3,Hoang Hoang Kien,kien.hoang917788@gmail.com,1322167148,pE1ssQvD
4,Do Van Dang,dang.do425303@hotmail.com,+7139697285,zB*Ta!w6Vo%o
5,Nguyen Thanh Long,long.nguyen3591@outlook.com,+8711793981,EqMBGgJLLd#7
6,Pham Thanh Cuong,cuong.pham432875@gmail.com,+2255641675,K^J228e65Okd
7,Tran Ngoc Dang,dang.tran309137@hotmail.com,9418689328,*BVVu6nE
8,Do Quang Oanh,oanh.do48024@hotmail.com,6136846225,TxSjKnnoyT*
9,Le Anh An,an.le155742@example.com,6731148595,R0l5NxUJy4JW
10,Ngo Hoang Bao,bao.ngo579846@yahoo.com,+1977527179,PHF#ofGqo!
11,Mai Hoang Long,long.mai750494@example.com,+9242219333,*rW9q1xAR
12,Ngo Van An,an.ngo759814@yahoo.com,+8379472252,ZGiW3b0c9!W
13,Mai Hoang Long,long.mai88464@outlook.com,+8946139819,R2NN&i2z
14,Nguyen Hoang Duy,duy.nguyen898770@yahoo.com,3935183434,uTf4jy21
15,Mai Minh Bao,bao.mai653477@gmail.com,6754483676,mwU6cwgS9zeN
16,Bui Duc Oanh,oanh.bui487863@hotmail.com,+2661694837,6SG!VX!TJ
17,Bui Thao Kien,kien.bui686576@example.com,+9811322484,Cjc7qVuOLxEG
18,Pham Ngoc Long,long.pham39953@outlook.com,+5541353165,qiaBMCBVh#
19,Bui Quang Van,van.bui998113@hotmail.com,+2183679594,DB7%5j3iuUak
20,Pham Thao Cuong,cuong.pham114559@hotmail.com,+5575456131,4fQt0^*0G%V
